filename,width,height,class,xmin,ymin,xmax,ymax,source
pineapple179.jpg,140,140,Pineapple,40,1,132,124,/Users/paulefeb/Projects/object_detection_modeling/dataset/images/pineapple179.jpg
pineapple285.jpg,240,240,Pineapple,29,150,48,183,/Users/paulefeb/Projects/object_detection_modeling/dataset/images/pineapple285.jpg
pineapple239.jpg,162,107,Pineapple,83,14,132,101,/Users/paulefeb/Projects/object_detection_modeling/dataset/images/pineapple239.jpg
pineapple_aug81.jpg,162,121,Pineapple,113,45,140,104,/Users/paulefeb/Projects/object_detection_modeling/dataset/images/pineapple_aug81.jpg
pineapple310.jpg,162,101,Pineapple,64,37,89,70,/Users/paulefeb/Projects/object_detection_modeling/dataset/images/pineapple310.jpg
pineapple_aug14.jpg,162,121,Pineapple,86,48,103,90,/Users/paulefeb/Projects/object_detection_modeling/dataset/images/pineapple_aug14.jpg
pineapple51.jpg,162,84,Pineapple,48,14,76,66,/Users/paulefeb/Projects/object_detection_modeling/dataset/images/pineapple51.jpg
pineapple_aug206.jpg,140,140,Pineapple,41,4,69,52,/Users/paulefeb/Projects/object_detection_modeling/dataset/images/pineapple_aug206.jpg
pineapple249.jpg,162,108,Pineapple,20,10,80,95,/Users/paulefeb/Projects/object_detection_modeling/dataset/images/pineapple249.jpg
pineapple_aug17.jpg,162,108,Pineapple,16,16,84,98,/Users/paulefeb/Projects/object_detection_modeling/dataset/images/pineapple_aug17.jpg
pineapple264.jpg,360,360,Pineapple,46,67,145,261,/Users/paulefeb/Projects/object_detection_modeling/dataset/images/pineapple264.jpg
pineapple35.jpg,240,240,Pineapple,91,52,238,188,/Users/paulefeb/Projects/object_detection_modeling/dataset/images/pineapple35.jpg
pineapple_aug28.jpg,162,108,Pineapple,34,2,76,83,/Users/paulefeb/Projects/object_detection_modeling/dataset/images/pineapple_aug28.jpg
pineapple209.jpg,360,360,Pineapple,248,40,318,75,/Users/paulefeb/Projects/object_detection_modeling/dataset/images/pineapple209.jpg
pineapple5.jpg,360,360,Pineapple,1,1,87,112,/Users/paulefeb/Projects/object_detection_modeling/dataset/images/pineapple5.jpg
pineapple_aug190.jpg,162,121,Pineapple,103,8,142,117,/Users/paulefeb/Projects/object_detection_modeling/dataset/images/pineapple_aug190.jpg
pineapple32.jpg,240,240,Pineapple,1,111,184,240,/Users/paulefeb/Projects/object_detection_modeling/dataset/images/pineapple32.jpg
pineapple_aug69.jpg,360,360,Pineapple,81,40,253,304,/Users/paulefeb/Projects/object_detection_modeling/dataset/images/pineapple_aug69.jpg
pineapple_aug438.jpg,140,140,Pineapple,52,9,74,58,/Users/paulefeb/Projects/object_detection_modeling/dataset/images/pineapple_aug438.jpg
pineapple_aug54.jpg,162,101,Pineapple,68,34,84,64,/Users/paulefeb/Projects/object_detection_modeling/dataset/images/pineapple_aug54.jpg
pineapple_aug133.jpg,162,119,Pineapple,118,7,154,94,/Users/paulefeb/Projects/object_detection_modeling/dataset/images/pineapple_aug133.jpg
pineapple_aug43.jpg,162,108,Pineapple,65,21,85,59,/Users/paulefeb/Projects/object_detection_modeling/dataset/images/pineapple_aug43.jpg
pineapple_aug81.jpg,162,121,Pineapple,113,45,140,104,/Users/paulefeb/Projects/object_detection_modeling/dataset/images/pineapple_aug81.jpg
pineapple26.jpg,240,240,Pineapple,105,10,208,227,/Users/paulefeb/Projects/object_detection_modeling/dataset/images/pineapple26.jpg
pineapple_aug322.jpg,162,121,Pineapple,71,16,141,113,/Users/paulefeb/Projects/object_detection_modeling/dataset/images/pineapple_aug322.jpg
pineapple_aug74.jpg,219,240,Pineapple,104,195,153,235,/Users/paulefeb/Projects/object_detection_modeling/dataset/images/pineapple_aug74.jpg
pineapple_aug76.jpg,162,121,Pineapple,114,8,148,72,/Users/paulefeb/Projects/object_detection_modeling/dataset/images/pineapple_aug76.jpg
pineapple60.jpg,162,109,Pineapple,78,74,113,109,/Users/paulefeb/Projects/object_detection_modeling/dataset/images/pineapple60.jpg
pineapple_aug414.jpg,88,140,Pineapple,18,8,68,135,/Users/paulefeb/Projects/object_detection_modeling/dataset/images/pineapple_aug414.jpg
pineapple459.jpg,162,121,Pineapple,61,78,77,115,/Users/paulefeb/Projects/object_detection_modeling/dataset/images/pineapple459.jpg
pineapple364.jpg,239,240,Pineapple,1,49,66,122,/Users/paulefeb/Projects/object_detection_modeling/dataset/images/pineapple364.jpg
pineapple_aug178.jpg,162,84,Pineapple,48,18,77,67,/Users/paulefeb/Projects/object_detection_modeling/dataset/images/pineapple_aug178.jpg
pineapple246.jpg,140,140,Pineapple,87,13,104,58,/Users/paulefeb/Projects/object_detection_modeling/dataset/images/pineapple246.jpg
pineapple244.jpg,162,116,Pineapple,12,2,27,32,/Users/paulefeb/Projects/object_detection_modeling/dataset/images/pineapple244.jpg
pineapple_aug45.jpg,358,360,Pineapple,188,4,338,272,/Users/paulefeb/Projects/object_detection_modeling/dataset/images/pineapple_aug45.jpg
pineapple364.jpg,239,240,Pineapple,1,9,50,66,/Users/paulefeb/Projects/object_detection_modeling/dataset/images/pineapple364.jpg
pineapple_aug254.jpg,360,360,Pineapple,171,43,269,194,/Users/paulefeb/Projects/object_detection_modeling/dataset/images/pineapple_aug254.jpg
pineapple196.jpg,360,360,Pineapple,95,26,158,164,/Users/paulefeb/Projects/object_detection_modeling/dataset/images/pineapple196.jpg
pineapple388.jpg,162,121,Pineapple,62,64,99,114,/Users/paulefeb/Projects/object_detection_modeling/dataset/images/pineapple388.jpg
pineapple15.jpg,360,360,Pineapple,1,281,64,347,/Users/paulefeb/Projects/object_detection_modeling/dataset/images/pineapple15.jpg
pineapple_aug138.jpg,240,240,Pineapple,105,23,235,142,/Users/paulefeb/Projects/object_detection_modeling/dataset/images/pineapple_aug138.jpg
pineapple_aug214.jpg,162,107,Pineapple,78,19,134,102,/Users/paulefeb/Projects/object_detection_modeling/dataset/images/pineapple_aug214.jpg
pineapple_aug122.jpg,240,240,Pineapple,132,109,159,197,/Users/paulefeb/Projects/object_detection_modeling/dataset/images/pineapple_aug122.jpg
pineapple158.jpg,360,360,Pineapple,27,12,121,201,/Users/paulefeb/Projects/object_detection_modeling/dataset/images/pineapple158.jpg
pineapple136.jpg,138,140,Pineapple,84,1,130,22,/Users/paulefeb/Projects/object_detection_modeling/dataset/images/pineapple136.jpg
pineapple138.jpg,140,140,Pineapple,31,1,115,140,/Users/paulefeb/Projects/object_detection_modeling/dataset/images/pineapple138.jpg
pineapple_aug147.jpg,162,121,Pineapple,80,1,145,102,/Users/paulefeb/Projects/object_detection_modeling/dataset/images/pineapple_aug147.jpg
pineapple134.jpg,140,140,Pineapple,67,1,106,75,/Users/paulefeb/Projects/object_detection_modeling/dataset/images/pineapple134.jpg
pineapple377.jpg,162,115,Pineapple,38,21,78,90,/Users/paulefeb/Projects/object_detection_modeling/dataset/images/pineapple377.jpg
pineapple246.jpg,140,140,Pineapple,70,67,87,119,/Users/paulefeb/Projects/object_detection_modeling/dataset/images/pineapple246.jpg
pineapple_aug57.jpg,148,140,Pineapple,41,78,77,122,/Users/paulefeb/Projects/object_detection_modeling/dataset/images/pineapple_aug57.jpg
pineapple15.jpg,360,360,Pineapple,147,24,192,114,/Users/paulefeb/Projects/object_detection_modeling/dataset/images/pineapple15.jpg
pineapple314.jpg,162,131,Pineapple,104,53,129,99,/Users/paulefeb/Projects/object_detection_modeling/dataset/images/pineapple314.jpg
pineapple_aug50.jpg,240,240,Pineapple,139,177,205,201,/Users/paulefeb/Projects/object_detection_modeling/dataset/images/pineapple_aug50.jpg
pineapple379.jpg,162,119,Pineapple,111,45,133,105,/Users/paulefeb/Projects/object_detection_modeling/dataset/images/pineapple379.jpg
pineapple76.jpg,360,360,Pineapple,162,104,246,166,/Users/paulefeb/Projects/object_detection_modeling/dataset/images/pineapple76.jpg
pineapple174.jpg,140,140,Pineapple,49,9,104,130,/Users/paulefeb/Projects/object_detection_modeling/dataset/images/pineapple174.jpg
pineapple448.jpg,162,121,Pineapple,73,55,95,112,/Users/paulefeb/Projects/object_detection_modeling/dataset/images/pineapple448.jpg
pineapple441.jpg,162,107,Pineapple,76,21,91,64,/Users/paulefeb/Projects/object_detection_modeling/dataset/images/pineapple441.jpg
pineapple453.jpg,105,140,Pineapple,18,34,56,113,/Users/paulefeb/Projects/object_detection_modeling/dataset/images/pineapple453.jpg
pineapple311.jpg,148,140,Pineapple,42,78,76,120,/Users/paulefeb/Projects/object_detection_modeling/dataset/images/pineapple311.jpg
pineapple5.jpg,360,360,Pineapple,86,69,196,224,/Users/paulefeb/Projects/object_detection_modeling/dataset/images/pineapple5.jpg
pineapple_aug240.jpg,360,360,Pineapple,27,17,172,340,/Users/paulefeb/Projects/object_detection_modeling/dataset/images/pineapple_aug240.jpg
pineapple264.jpg,360,360,Pineapple,185,82,287,191,/Users/paulefeb/Projects/object_detection_modeling/dataset/images/pineapple264.jpg
pineapple164.jpg,360,360,Pineapple,53,179,128,353,/Users/paulefeb/Projects/object_detection_modeling/dataset/images/pineapple164.jpg
pineapple_aug57.jpg,148,140,Pineapple,41,78,77,122,/Users/paulefeb/Projects/object_detection_modeling/dataset/images/pineapple_aug57.jpg
pineapple140.jpg,75,140,Pineapple,2,4,72,137,/Users/paulefeb/Projects/object_detection_modeling/dataset/images/pineapple140.jpg
pineapple_aug290.jpg,140,140,Pineapple,94,44,132,124,/Users/paulefeb/Projects/object_detection_modeling/dataset/images/pineapple_aug290.jpg
pineapple48.jpg,228,240,Pineapple,90,45,165,170,/Users/paulefeb/Projects/object_detection_modeling/dataset/images/pineapple48.jpg
pineapple_aug47.jpg,360,360,Pineapple,277,293,343,340,/Users/paulefeb/Projects/object_detection_modeling/dataset/images/pineapple_aug47.jpg
pineapple22.jpg,360,360,Pineapple,25,7,119,203,/Users/paulefeb/Projects/object_detection_modeling/dataset/images/pineapple22.jpg
pineapple_aug396.jpg,360,360,Pineapple,211,79,263,191,/Users/paulefeb/Projects/object_detection_modeling/dataset/images/pineapple_aug396.jpg
pineapple_aug54.jpg,162,101,Pineapple,13,13,34,55,/Users/paulefeb/Projects/object_detection_modeling/dataset/images/pineapple_aug54.jpg
pineapple_aug126.jpg,140,140,Pineapple,33,13,114,136,/Users/paulefeb/Projects/object_detection_modeling/dataset/images/pineapple_aug126.jpg
pineapple_aug85.jpg,360,360,Pineapple,2,2,214,300,/Users/paulefeb/Projects/object_detection_modeling/dataset/images/pineapple_aug85.jpg
pineapple248.jpg,162,108,Pineapple,68,18,84,59,/Users/paulefeb/Projects/object_detection_modeling/dataset/images/pineapple248.jpg
pineapple455.jpg,67,140,Pineapple,1,3,65,140,/Users/paulefeb/Projects/object_detection_modeling/dataset/images/pineapple455.jpg
pineapple165.jpg,361,360,Pineapple,101,1,262,105,/Users/paulefeb/Projects/object_detection_modeling/dataset/images/pineapple165.jpg
pineapple66.jpg,162,121,Pineapple,52,49,89,121,/Users/paulefeb/Projects/object_detection_modeling/dataset/images/pineapple66.jpg
pineapple170.jpg,140,140,Pineapple,8,39,88,105,/Users/paulefeb/Projects/object_detection_modeling/dataset/images/pineapple170.jpg
pineapple32.jpg,240,240,Pineapple,1,23,240,224,/Users/paulefeb/Projects/object_detection_modeling/dataset/images/pineapple32.jpg
pineapple_aug254.jpg,360,360,Pineapple,171,43,269,194,/Users/paulefeb/Projects/object_detection_modeling/dataset/images/pineapple_aug254.jpg
pineapple136.jpg,138,140,Pineapple,79,89,131,117,/Users/paulefeb/Projects/object_detection_modeling/dataset/images/pineapple136.jpg
pineapple252.jpg,162,107,Pineapple,8,1,96,93,/Users/paulefeb/Projects/object_detection_modeling/dataset/images/pineapple252.jpg
pineapple75.jpg,360,360,Pineapple,105,6,267,315,/Users/paulefeb/Projects/object_detection_modeling/dataset/images/pineapple75.jpg
pineapple121.jpg,70,140,Pineapple,2,1,65,138,/Users/paulefeb/Projects/object_detection_modeling/dataset/images/pineapple121.jpg
pineapple383.jpg,162,108,Pineapple,112,1,155,101,/Users/paulefeb/Projects/object_detection_modeling/dataset/images/pineapple383.jpg
pineapple67.jpg,162,109,Pineapple,19,1,148,103,/Users/paulefeb/Projects/object_detection_modeling/dataset/images/pineapple67.jpg
pineapple_aug133.jpg,162,119,Pineapple,118,7,154,94,/Users/paulefeb/Projects/object_detection_modeling/dataset/images/pineapple_aug133.jpg
pineapple452.jpg,140,140,Pineapple,38,1,106,140,/Users/paulefeb/Projects/object_detection_modeling/dataset/images/pineapple452.jpg
pineapple_aug243.jpg,140,140,Pineapple,27,9,113,138,/Users/paulefeb/Projects/object_detection_modeling/dataset/images/pineapple_aug243.jpg
pineapple246.jpg,140,140,Pineapple,14,66,33,117,/Users/paulefeb/Projects/object_detection_modeling/dataset/images/pineapple246.jpg
pineapple249.jpg,162,108,Pineapple,20,10,80,95,/Users/paulefeb/Projects/object_detection_modeling/dataset/images/pineapple249.jpg
pineapple8.jpg,360,360,Pineapple,117,38,236,268,/Users/paulefeb/Projects/object_detection_modeling/dataset/images/pineapple8.jpg
pineapple24.jpg,360,360,Pineapple,109,22,253,336,/Users/paulefeb/Projects/object_detection_modeling/dataset/images/pineapple24.jpg
pineapple237.jpg,160,140,Pineapple,13,37,34,78,/Users/paulefeb/Projects/object_detection_modeling/dataset/images/pineapple237.jpg
pineapple_aug362.jpg,162,121,Pineapple,114,17,151,101,/Users/paulefeb/Projects/object_detection_modeling/dataset/images/pineapple_aug362.jpg
pineapple_aug133.jpg,162,119,Pineapple,52,37,99,111,/Users/paulefeb/Projects/object_detection_modeling/dataset/images/pineapple_aug133.jpg
pineapple301.jpg,240,225,Pineapple,148,114,204,180,/Users/paulefeb/Projects/object_detection_modeling/dataset/images/pineapple301.jpg
pineapple177.jpg,140,140,Pineapple,54,7,90,85,/Users/paulefeb/Projects/object_detection_modeling/dataset/images/pineapple177.jpg
pineapple136.jpg,138,140,Pineapple,113,20,137,71,/Users/paulefeb/Projects/object_detection_modeling/dataset/images/pineapple136.jpg
pineapple_aug454.jpg,140,140,Pineapple,35,3,106,134,/Users/paulefeb/Projects/object_detection_modeling/dataset/images/pineapple_aug454.jpg
pineapple76.jpg,360,360,Pineapple,148,203,195,292,/Users/paulefeb/Projects/object_detection_modeling/dataset/images/pineapple76.jpg
pineapple17.jpg,360,360,Pineapple,114,36,250,321,/Users/paulefeb/Projects/object_detection_modeling/dataset/images/pineapple17.jpg
pineapple_aug141.jpg,162,115,Pineapple,63,10,126,85,/Users/paulefeb/Projects/object_detection_modeling/dataset/images/pineapple_aug141.jpg
pineapple_aug133.jpg,162,119,Pineapple,81,32,128,100,/Users/paulefeb/Projects/object_detection_modeling/dataset/images/pineapple_aug133.jpg
pineapple246.jpg,140,140,Pineapple,11,12,29,58,/Users/paulefeb/Projects/object_detection_modeling/dataset/images/pineapple246.jpg
pineapple_aug329.jpg,162,119,Pineapple,121,65,150,118,/Users/paulefeb/Projects/object_detection_modeling/dataset/images/pineapple_aug329.jpg
pineapple285.jpg,240,240,Pineapple,88,166,106,194,/Users/paulefeb/Projects/object_detection_modeling/dataset/images/pineapple285.jpg
pineapple377.jpg,162,115,Pineapple,80,15,114,89,/Users/paulefeb/Projects/object_detection_modeling/dataset/images/pineapple377.jpg
pineapple459.jpg,162,121,Pineapple,104,42,119,84,/Users/paulefeb/Projects/object_detection_modeling/dataset/images/pineapple459.jpg
pineapple_aug323.jpg,162,116,Pineapple,76,20,111,96,/Users/paulefeb/Projects/object_detection_modeling/dataset/images/pineapple_aug323.jpg
pineapple385.jpg,162,121,Pineapple,103,82,125,121,/Users/paulefeb/Projects/object_detection_modeling/dataset/images/pineapple385.jpg
pineapple196.jpg,360,360,Pineapple,224,70,276,182,/Users/paulefeb/Projects/object_detection_modeling/dataset/images/pineapple196.jpg
pineapple_aug47.jpg,360,360,Pineapple,51,9,180,58,/Users/paulefeb/Projects/object_detection_modeling/dataset/images/pineapple_aug47.jpg
pineapple_aug279.jpg,360,360,Pineapple,102,5,277,317,/Users/paulefeb/Projects/object_detection_modeling/dataset/images/pineapple_aug279.jpg
pineapple10.jpg,360,360,Pineapple,96,24,265,330,/Users/paulefeb/Projects/object_detection_modeling/dataset/images/pineapple10.jpg
pineapple_aug127.jpg,117,140,Pineapple,20,6,102,84,/Users/paulefeb/Projects/object_detection_modeling/dataset/images/pineapple_aug127.jpg
pineapple364.jpg,239,240,Pineapple,69,75,121,161,/Users/paulefeb/Projects/object_detection_modeling/dataset/images/pineapple364.jpg
pineapple209.jpg,360,360,Pineapple,139,256,184,327,/Users/paulefeb/Projects/object_detection_modeling/dataset/images/pineapple209.jpg
pineapple_aug154.jpg,240,240,Pineapple,43,132,134,205,/Users/paulefeb/Projects/object_detection_modeling/dataset/images/pineapple_aug154.jpg
pineapple_aug285.jpg,162,91,Pineapple,10,6,41,90,/Users/paulefeb/Projects/object_detection_modeling/dataset/images/pineapple_aug285.jpg
pineapple307.jpg,162,121,Pineapple,60,5,98,81,/Users/paulefeb/Projects/object_detection_modeling/dataset/images/pineapple307.jpg
pineapple137.jpg,162,121,Pineapple,11,1,150,115,/Users/paulefeb/Projects/object_detection_modeling/dataset/images/pineapple137.jpg
pineapple176.jpg,140,140,Pineapple,46,8,70,45,/Users/paulefeb/Projects/object_detection_modeling/dataset/images/pineapple176.jpg
pineapple76.jpg,360,360,Pineapple,146,25,196,114,/Users/paulefeb/Projects/object_detection_modeling/dataset/images/pineapple76.jpg
pineapple_aug142.jpg,162,121,Pineapple,41,19,91,61,/Users/paulefeb/Projects/object_detection_modeling/dataset/images/pineapple_aug142.jpg
pineapple209.jpg,360,360,Pineapple,190,146,230,222,/Users/paulefeb/Projects/object_detection_modeling/dataset/images/pineapple209.jpg
pineapple209.jpg,360,360,Pineapple,76,1,175,96,/Users/paulefeb/Projects/object_detection_modeling/dataset/images/pineapple209.jpg
pineapple36.jpg,240,240,Pineapple,51,8,128,215,/Users/paulefeb/Projects/object_detection_modeling/dataset/images/pineapple36.jpg
pineapple164.jpg,360,360,Pineapple,140,90,220,263,/Users/paulefeb/Projects/object_detection_modeling/dataset/images/pineapple164.jpg
pineapple379.jpg,162,119,Pineapple,4,40,36,106,/Users/paulefeb/Projects/object_detection_modeling/dataset/images/pineapple379.jpg
pineapple_aug243.jpg,140,140,Pineapple,27,9,113,138,/Users/paulefeb/Projects/object_detection_modeling/dataset/images/pineapple_aug243.jpg
pineapple_aug287.jpg,360,360,Pineapple,46,220,141,360,/Users/paulefeb/Projects/object_detection_modeling/dataset/images/pineapple_aug287.jpg
pineapple128.jpg,139,140,Pineapple,46,14,96,125,/Users/paulefeb/Projects/object_detection_modeling/dataset/images/pineapple128.jpg
pineapple260.jpg,358,360,Pineapple,15,179,214,305,/Users/paulefeb/Projects/object_detection_modeling/dataset/images/pineapple260.jpg
pineapple9.jpg,360,360,Pineapple,100,23,263,331,/Users/paulefeb/Projects/object_detection_modeling/dataset/images/pineapple9.jpg
pineapple_aug145.jpg,93,140,Pineapple,20,7,83,131,/Users/paulefeb/Projects/object_detection_modeling/dataset/images/pineapple_aug145.jpg
pineapple441.jpg,162,107,Pineapple,11,44,32,81,/Users/paulefeb/Projects/object_detection_modeling/dataset/images/pineapple441.jpg
pineapple_aug459.jpg,162,121,Pineapple,15,49,41,87,/Users/paulefeb/Projects/object_detection_modeling/dataset/images/pineapple_aug459.jpg
pineapple458.jpg,162,119,Pineapple,57,1,122,97,/Users/paulefeb/Projects/object_detection_modeling/dataset/images/pineapple458.jpg
pineapple136.jpg,138,140,Pineapple,3,10,48,54,/Users/paulefeb/Projects/object_detection_modeling/dataset/images/pineapple136.jpg
pineapple25.jpg,360,360,Pineapple,182,16,326,343,/Users/paulefeb/Projects/object_detection_modeling/dataset/images/pineapple25.jpg
pineapple15.jpg,360,360,Pineapple,145,203,193,292,/Users/paulefeb/Projects/object_detection_modeling/dataset/images/pineapple15.jpg
pineapple_aug112.jpg,360,360,Pineapple,154,14,220,192,/Users/paulefeb/Projects/object_detection_modeling/dataset/images/pineapple_aug112.jpg
pineapple209.jpg,360,360,Pineapple,183,235,292,360,/Users/paulefeb/Projects/object_detection_modeling/dataset/images/pineapple209.jpg
pineapple_aug69.jpg,360,360,Pineapple,81,40,253,304,/Users/paulefeb/Projects/object_detection_modeling/dataset/images/pineapple_aug69.jpg
pineapple376.jpg,162,119,Pineapple,40,1,59,46,/Users/paulefeb/Projects/object_detection_modeling/dataset/images/pineapple376.jpg
pineapple9.jpg,360,360,Pineapple,100,23,263,331,/Users/paulefeb/Projects/object_detection_modeling/dataset/images/pineapple9.jpg
pineapple_aug99.jpg,360,360,Pineapple,227,259,321,347,/Users/paulefeb/Projects/object_detection_modeling/dataset/images/pineapple_aug99.jpg
pineapple_aug115.jpg,140,140,Pineapple,68,31,140,139,/Users/paulefeb/Projects/object_detection_modeling/dataset/images/pineapple_aug115.jpg
pineapple164.jpg,360,360,Pineapple,234,3,308,174,/Users/paulefeb/Projects/object_detection_modeling/dataset/images/pineapple164.jpg
pineapple163.jpg,360,360,Pineapple,196,53,260,143,/Users/paulefeb/Projects/object_detection_modeling/dataset/images/pineapple163.jpg
pineapple_aug322.jpg,162,121,Pineapple,71,16,141,113,/Users/paulefeb/Projects/object_detection_modeling/dataset/images/pineapple_aug322.jpg
pineapple_aug409.jpg,360,360,Pineapple,60,19,262,340,/Users/paulefeb/Projects/object_detection_modeling/dataset/images/pineapple_aug409.jpg
pineapple_aug257.jpg,360,360,Pineapple,112,62,206,212,/Users/paulefeb/Projects/object_detection_modeling/dataset/images/pineapple_aug257.jpg
pineapple175.jpg,93,140,Pineapple,20,1,73,127,/Users/paulefeb/Projects/object_detection_modeling/dataset/images/pineapple175.jpg
pineapple442.jpg,162,121,Pineapple,129,71,150,109,/Users/paulefeb/Projects/object_detection_modeling/dataset/images/pineapple442.jpg
pineapple_aug453.jpg,93,140,Pineapple,15,16,80,121,/Users/paulefeb/Projects/object_detection_modeling/dataset/images/pineapple_aug453.jpg
pineapple260.jpg,358,360,Pineapple,15,179,214,305,/Users/paulefeb/Projects/object_detection_modeling/dataset/images/pineapple260.jpg
pineapple362.jpg,240,240,Pineapple,158,28,190,64,/Users/paulefeb/Projects/object_detection_modeling/dataset/images/pineapple362.jpg
pineapple_aug127.jpg,117,140,Pineapple,20,6,102,84,/Users/paulefeb/Projects/object_detection_modeling/dataset/images/pineapple_aug127.jpg
pineapple76.jpg,360,360,Pineapple,326,205,360,292,/Users/paulefeb/Projects/object_detection_modeling/dataset/images/pineapple76.jpg
pineapple246.jpg,140,140,Pineapple,129,67,140,118,/Users/paulefeb/Projects/object_detection_modeling/dataset/images/pineapple246.jpg
pineapple164.jpg,360,360,Pineapple,233,180,308,355,/Users/paulefeb/Projects/object_detection_modeling/dataset/images/pineapple164.jpg
pineapple379.jpg,162,119,Pineapple,38,44,61,102,/Users/paulefeb/Projects/object_detection_modeling/dataset/images/pineapple379.jpg
pineapple22.jpg,360,360,Pineapple,111,31,256,340,/Users/paulefeb/Projects/object_detection_modeling/dataset/images/pineapple22.jpg
pineapple76.jpg,360,360,Pineapple,15,173,79,255,/Users/paulefeb/Projects/object_detection_modeling/dataset/images/pineapple76.jpg
pineapple182.jpg,140,140,Pineapple,7,30,68,127,/Users/paulefeb/Projects/object_detection_modeling/dataset/images/pineapple182.jpg
pineapple126.jpg,112,140,Pineapple,53,5,99,125,/Users/paulefeb/Projects/object_detection_modeling/dataset/images/pineapple126.jpg
pineapple40.jpg,240,240,Pineapple,82,1,159,240,/Users/paulefeb/Projects/object_detection_modeling/dataset/images/pineapple40.jpg
pineapple141.jpg,360,360,Pineapple,214,1,313,120,/Users/paulefeb/Projects/object_detection_modeling/dataset/images/pineapple141.jpg
pineapple264.jpg,360,360,Pineapple,46,67,145,261,/Users/paulefeb/Projects/object_detection_modeling/dataset/images/pineapple264.jpg
pineapple34.jpg,221,240,Pineapple,61,2,207,219,/Users/paulefeb/Projects/object_detection_modeling/dataset/images/pineapple34.jpg
pineapple264.jpg,360,360,Pineapple,1,192,284,358,/Users/paulefeb/Projects/object_detection_modeling/dataset/images/pineapple264.jpg
pineapple383.jpg,162,108,Pineapple,8,1,54,105,/Users/paulefeb/Projects/object_detection_modeling/dataset/images/pineapple383.jpg
pineapple15.jpg,360,360,Pineapple,269,42,312,133,/Users/paulefeb/Projects/object_detection_modeling/dataset/images/pineapple15.jpg
pineapple150.jpg,360,360,Pineapple,127,129,231,333,/Users/paulefeb/Projects/object_detection_modeling/dataset/images/pineapple150.jpg
pineapple376.jpg,162,119,Pineapple,115,39,147,106,/Users/paulefeb/Projects/object_detection_modeling/dataset/images/pineapple376.jpg
pineapple57.jpg,140,140,Pineapple,90,17,140,140,/Users/paulefeb/Projects/object_detection_modeling/dataset/images/pineapple57.jpg
pineapple385.jpg,162,121,Pineapple,52,27,68,63,/Users/paulefeb/Projects/object_detection_modeling/dataset/images/pineapple385.jpg
pineapple457.jpg,162,108,Pineapple,22,66,103,101,/Users/paulefeb/Projects/object_detection_modeling/dataset/images/pineapple457.jpg
pineapple136.jpg,138,140,Pineapple,37,94,80,140,/Users/paulefeb/Projects/object_detection_modeling/dataset/images/pineapple136.jpg
pineapple34.jpg,221,240,Pineapple,61,2,207,219,/Users/paulefeb/Projects/object_detection_modeling/dataset/images/pineapple34.jpg
pineapple_aug384.jpg,360,360,Pineapple,103,35,251,328,/Users/paulefeb/Projects/object_detection_modeling/dataset/images/pineapple_aug384.jpg
pineapple167.jpg,140,140,Pineapple,88,44,116,116,/Users/paulefeb/Projects/object_detection_modeling/dataset/images/pineapple167.jpg
pineapple39.jpg,240,226,Pineapple,50,2,204,197,/Users/paulefeb/Projects/object_detection_modeling/dataset/images/pineapple39.jpg
pineapple_aug134.jpg,240,240,Pineapple,131,14,152,52,/Users/paulefeb/Projects/object_detection_modeling/dataset/images/pineapple_aug134.jpg
pineapple310.jpg,162,101,Pineapple,12,42,39,82,/Users/paulefeb/Projects/object_detection_modeling/dataset/images/pineapple310.jpg
pineapple153.jpg,360,360,Pineapple,98,41,225,300,/Users/paulefeb/Projects/object_detection_modeling/dataset/images/pineapple153.jpg
pineapple335.jpg,360,360,Pineapple,208,253,261,360,/Users/paulefeb/Projects/object_detection_modeling/dataset/images/pineapple335.jpg
pineapple_aug254.jpg,360,360,Pineapple,228,91,293,202,/Users/paulefeb/Projects/object_detection_modeling/dataset/images/pineapple_aug254.jpg
pineapple15.jpg,360,360,Pineapple,252,153,337,201,/Users/paulefeb/Projects/object_detection_modeling/dataset/images/pineapple15.jpg
pineapple5.jpg,360,360,Pineapple,195,241,298,360,/Users/paulefeb/Projects/object_detection_modeling/dataset/images/pineapple5.jpg
pineapple246.jpg,140,140,Pineapple,30,12,49,58,/Users/paulefeb/Projects/object_detection_modeling/dataset/images/pineapple246.jpg
pineapple173.jpg,93,140,Pineapple,33,8,63,71,/Users/paulefeb/Projects/object_detection_modeling/dataset/images/pineapple173.jpg
pineapple_aug133.jpg,162,119,Pineapple,118,7,154,94,/Users/paulefeb/Projects/object_detection_modeling/dataset/images/pineapple_aug133.jpg
pineapple65.jpg,71,140,Pineapple,2,1,70,135,/Users/paulefeb/Projects/object_detection_modeling/dataset/images/pineapple65.jpg
pineapple122.jpg,140,140,Pineapple,46,12,96,126,/Users/paulefeb/Projects/object_detection_modeling/dataset/images/pineapple122.jpg
pineapple76.jpg,360,360,Pineapple,251,152,337,201,/Users/paulefeb/Projects/object_detection_modeling/dataset/images/pineapple76.jpg
pineapple15.jpg,360,360,Pineapple,268,222,312,313,/Users/paulefeb/Projects/object_detection_modeling/dataset/images/pineapple15.jpg
pineapple220.jpg,240,240,Pineapple,119,46,183,220,/Users/paulefeb/Projects/object_detection_modeling/dataset/images/pineapple220.jpg
pineapple_aug442.jpg,240,240,Pineapple,210,134,240,211,/Users/paulefeb/Projects/object_detection_modeling/dataset/images/pineapple_aug442.jpg
pineapple57.jpg,140,140,Pineapple,45,1,110,130,/Users/paulefeb/Projects/object_detection_modeling/dataset/images/pineapple57.jpg
pineapple237.jpg,160,140,Pineapple,109,35,123,64,/Users/paulefeb/Projects/object_detection_modeling/dataset/images/pineapple237.jpg
pineapple_aug115.jpg,140,140,Pineapple,1,4,64,125,/Users/paulefeb/Projects/object_detection_modeling/dataset/images/pineapple_aug115.jpg
pineapple264.jpg,360,360,Pineapple,211,1,360,142,/Users/paulefeb/Projects/object_detection_modeling/dataset/images/pineapple264.jpg
pineapple388.jpg,162,121,Pineapple,35,1,74,38,/Users/paulefeb/Projects/object_detection_modeling/dataset/images/pineapple388.jpg
pineapple_aug221.jpg,117,140,Pineapple,40,8,102,95,/Users/paulefeb/Projects/object_detection_modeling/dataset/images/pineapple_aug221.jpg
pineapple_aug364.jpg,360,360,Pineapple,203,81,303,133,/Users/paulefeb/Projects/object_detection_modeling/dataset/images/pineapple_aug364.jpg
pineapple_aug426.jpg,112,140,Pineapple,52,6,103,128,/Users/paulefeb/Projects/object_detection_modeling/dataset/images/pineapple_aug426.jpg
pineapple_aug96.jpg,140,140,Pineapple,24,8,110,137,/Users/paulefeb/Projects/object_detection_modeling/dataset/images/pineapple_aug96.jpg
pineapple76.jpg,360,360,Pineapple,195,172,259,255,/Users/paulefeb/Projects/object_detection_modeling/dataset/images/pineapple76.jpg
pineapple246.jpg,140,140,Pineapple,1,12,10,59,/Users/paulefeb/Projects/object_detection_modeling/dataset/images/pineapple246.jpg
pineapple_aug94.jpg,360,360,Pineapple,52,245,136,360,/Users/paulefeb/Projects/object_detection_modeling/dataset/images/pineapple_aug94.jpg
pineapple209.jpg,360,360,Pineapple,160,67,215,138,/Users/paulefeb/Projects/object_detection_modeling/dataset/images/pineapple209.jpg
pineapple16.jpg,360,360,Pineapple,102,14,275,349,/Users/paulefeb/Projects/object_detection_modeling/dataset/images/pineapple16.jpg
pineapple71.jpg,360,360,Pineapple,88,79,188,223,/Users/paulefeb/Projects/object_detection_modeling/dataset/images/pineapple71.jpg
pineapple15.jpg,360,360,Pineapple,162,101,244,167,/Users/paulefeb/Projects/object_detection_modeling/dataset/images/pineapple15.jpg
pineapple171.jpg,162,108,Pineapple,73,4,96,47,/Users/paulefeb/Projects/object_detection_modeling/dataset/images/pineapple171.jpg
pineapple_aug30.jpg,240,240,Pineapple,30,32,152,230,/Users/paulefeb/Projects/object_detection_modeling/dataset/images/pineapple_aug30.jpg
pineapple_aug438.jpg,140,140,Pineapple,63,68,83,117,/Users/paulefeb/Projects/object_detection_modeling/dataset/images/pineapple_aug438.jpg
pineapple_aug255.jpg,140,140,Pineapple,2,35,76,132,/Users/paulefeb/Projects/object_detection_modeling/dataset/images/pineapple_aug255.jpg
pineapple264.jpg,360,360,Pineapple,264,180,360,294,/Users/paulefeb/Projects/object_detection_modeling/dataset/images/pineapple264.jpg
pineapple325.jpg,162,130,Pineapple,109,49,144,105,/Users/paulefeb/Projects/object_detection_modeling/dataset/images/pineapple325.jpg
pineapple15.jpg,360,360,Pineapple,72,152,157,202,/Users/paulefeb/Projects/object_detection_modeling/dataset/images/pineapple15.jpg
pineapple325.jpg,162,130,Pineapple,35,41,78,109,/Users/paulefeb/Projects/object_detection_modeling/dataset/images/pineapple325.jpg
pineapple209.jpg,360,360,Pineapple,45,28,90,116,/Users/paulefeb/Projects/object_detection_modeling/dataset/images/pineapple209.jpg
pineapple_aug254.jpg,360,360,Pineapple,112,15,183,155,/Users/paulefeb/Projects/object_detection_modeling/dataset/images/pineapple_aug254.jpg
pineapple458.jpg,162,119,Pineapple,57,1,122,97,/Users/paulefeb/Projects/object_detection_modeling/dataset/images/pineapple458.jpg
pineapple22.jpg,360,360,Pineapple,249,12,337,211,/Users/paulefeb/Projects/object_detection_modeling/dataset/images/pineapple22.jpg
pineapple280.jpg,367,360,Pineapple,122,178,331,324,/Users/paulefeb/Projects/object_detection_modeling/dataset/images/pineapple280.jpg
pineapple_aug345.jpg,162,109,Pineapple,21,7,150,96,/Users/paulefeb/Projects/object_detection_modeling/dataset/images/pineapple_aug345.jpg
pineapple168.jpg,105,140,Pineapple,33,11,76,84,/Users/paulefeb/Projects/object_detection_modeling/dataset/images/pineapple168.jpg
pineapple185.jpg,162,121,Pineapple,99,10,145,88,/Users/paulefeb/Projects/object_detection_modeling/dataset/images/pineapple185.jpg
pineapple_aug372.jpg,360,360,Pineapple,1,1,228,283,/Users/paulefeb/Projects/object_detection_modeling/dataset/images/pineapple_aug372.jpg
pineapple_aug438.jpg,140,140,Pineapple,100,70,123,125,/Users/paulefeb/Projects/object_detection_modeling/dataset/images/pineapple_aug438.jpg
pineapple56.jpg,140,140,Pineapple,38,3,98,138,/Users/paulefeb/Projects/object_detection_modeling/dataset/images/pineapple56.jpg
pineapple459.jpg,162,121,Pineapple,104,42,119,84,/Users/paulefeb/Projects/object_detection_modeling/dataset/images/pineapple459.jpg
pineapple_aug254.jpg,360,360,Pineapple,112,15,183,155,/Users/paulefeb/Projects/object_detection_modeling/dataset/images/pineapple_aug254.jpg
pineapple260.jpg,358,360,Pineapple,205,20,331,289,/Users/paulefeb/Projects/object_detection_modeling/dataset/images/pineapple260.jpg
pineapple_aug123.jpg,360,360,Pineapple,293,229,330,285,/Users/paulefeb/Projects/object_detection_modeling/dataset/images/pineapple_aug123.jpg
pineapple_aug96.jpg,140,140,Pineapple,24,8,110,137,/Users/paulefeb/Projects/object_detection_modeling/dataset/images/pineapple_aug96.jpg
pineapple_aug43.jpg,162,108,Pineapple,65,21,85,59,/Users/paulefeb/Projects/object_detection_modeling/dataset/images/pineapple_aug43.jpg
pineapple62.jpg,140,140,Pineapple,28,1,118,140,/Users/paulefeb/Projects/object_detection_modeling/dataset/images/pineapple62.jpg
pineapple_aug300.jpg,240,240,Pineapple,106,28,235,144,/Users/paulefeb/Projects/object_detection_modeling/dataset/images/pineapple_aug300.jpg
pineapple_aug323.jpg,162,116,Pineapple,76,20,111,96,/Users/paulefeb/Projects/object_detection_modeling/dataset/images/pineapple_aug323.jpg
pineapple459.jpg,162,121,Pineapple,89,44,104,84,/Users/paulefeb/Projects/object_detection_modeling/dataset/images/pineapple459.jpg
pineapple164.jpg,360,360,Pineapple,53,1,131,173,/Users/paulefeb/Projects/object_detection_modeling/dataset/images/pineapple164.jpg
pineapple_aug76.jpg,162,121,Pineapple,66,7,96,77,/Users/paulefeb/Projects/object_detection_modeling/dataset/images/pineapple_aug76.jpg
pineapple264.jpg,360,360,Pineapple,264,180,360,294,/Users/paulefeb/Projects/object_detection_modeling/dataset/images/pineapple264.jpg
pineapple_aug258.jpg,162,108,Pineapple,79,18,113,71,/Users/paulefeb/Projects/object_detection_modeling/dataset/images/pineapple_aug258.jpg
pineapple141.jpg,360,360,Pineapple,86,79,187,225,/Users/paulefeb/Projects/object_detection_modeling/dataset/images/pineapple141.jpg
pineapple_aug389.jpg,140,140,Pineapple,31,6,110,134,/Users/paulefeb/Projects/object_detection_modeling/dataset/images/pineapple_aug389.jpg
pineapple90.jpg,360,360,Pineapple,113,38,248,322,/Users/paulefeb/Projects/object_detection_modeling/dataset/images/pineapple90.jpg
pineapple66.jpg,162,121,Pineapple,1,5,30,77,/Users/paulefeb/Projects/object_detection_modeling/dataset/images/pineapple66.jpg
pineapple264.jpg,360,360,Pineapple,185,82,287,191,/Users/paulefeb/Projects/object_detection_modeling/dataset/images/pineapple264.jpg
pineapple453.jpg,105,140,Pineapple,48,40,77,112,/Users/paulefeb/Projects/object_detection_modeling/dataset/images/pineapple453.jpg
pineapple_aug76.jpg,162,121,Pineapple,22,20,56,78,/Users/paulefeb/Projects/object_detection_modeling/dataset/images/pineapple_aug76.jpg
pineapple_aug209.jpg,162,108,Pineapple,33,4,76,86,/Users/paulefeb/Projects/object_detection_modeling/dataset/images/pineapple_aug209.jpg
pineapple376.jpg,162,119,Pineapple,84,36,113,109,/Users/paulefeb/Projects/object_detection_modeling/dataset/images/pineapple376.jpg
pineapple8.jpg,360,360,Pineapple,117,38,236,268,/Users/paulefeb/Projects/object_detection_modeling/dataset/images/pineapple8.jpg
pineapple209.jpg,360,360,Pineapple,72,127,171,292,/Users/paulefeb/Projects/object_detection_modeling/dataset/images/pineapple209.jpg
pineapple_aug22.jpg,221,240,Pineapple,64,2,207,217,/Users/paulefeb/Projects/object_detection_modeling/dataset/images/pineapple_aug22.jpg
pineapple377.jpg,162,115,Pineapple,21,23,47,86,/Users/paulefeb/Projects/object_detection_modeling/dataset/images/pineapple377.jpg
pineapple_aug178.jpg,162,84,Pineapple,11,18,40,68,/Users/paulefeb/Projects/object_detection_modeling/dataset/images/pineapple_aug178.jpg
pineapple335.jpg,360,360,Pineapple,27,76,80,184,/Users/paulefeb/Projects/object_detection_modeling/dataset/images/pineapple335.jpg
pineapple_aug438.jpg,140,140,Pineapple,27,58,53,114,/Users/paulefeb/Projects/object_detection_modeling/dataset/images/pineapple_aug438.jpg
pineapple86.jpg,360,360,Pineapple,127,123,232,335,/Users/paulefeb/Projects/object_detection_modeling/dataset/images/pineapple86.jpg
pineapple209.jpg,360,360,Pineapple,292,248,337,315,/Users/paulefeb/Projects/object_detection_modeling/dataset/images/pineapple209.jpg
pineapple_aug146.jpg,140,140,Pineapple,25,10,110,135,/Users/paulefeb/Projects/object_detection_modeling/dataset/images/pineapple_aug146.jpg
pineapple_aug96.jpg,140,140,Pineapple,24,8,110,137,/Users/paulefeb/Projects/object_detection_modeling/dataset/images/pineapple_aug96.jpg
pineapple95.jpg,360,360,Pineapple,21,189,71,322,/Users/paulefeb/Projects/object_detection_modeling/dataset/images/pineapple95.jpg
pineapple_aug122.jpg,240,240,Pineapple,132,109,159,197,/Users/paulefeb/Projects/object_detection_modeling/dataset/images/pineapple_aug122.jpg
pineapple307.jpg,162,121,Pineapple,115,5,140,68,/Users/paulefeb/Projects/object_detection_modeling/dataset/images/pineapple307.jpg
pineapple_aug99.jpg,360,360,Pineapple,65,59,116,164,/Users/paulefeb/Projects/object_detection_modeling/dataset/images/pineapple_aug99.jpg
pineapple_aug59.jpg,240,240,Pineapple,78,30,227,221,/Users/paulefeb/Projects/object_detection_modeling/dataset/images/pineapple_aug59.jpg
pineapple246.jpg,140,140,Pineapple,31,64,55,118,/Users/paulefeb/Projects/object_detection_modeling/dataset/images/pineapple246.jpg
pineapple308.jpg,147,140,Pineapple,72,25,116,115,/Users/paulefeb/Projects/object_detection_modeling/dataset/images/pineapple308.jpg
pineapple_aug287.jpg,360,360,Pineapple,187,1,274,109,/Users/paulefeb/Projects/object_detection_modeling/dataset/images/pineapple_aug287.jpg
pineapple60.jpg,162,109,Pineapple,62,27,101,70,/Users/paulefeb/Projects/object_detection_modeling/dataset/images/pineapple60.jpg
pineapple_aug254.jpg,360,360,Pineapple,228,91,293,202,/Users/paulefeb/Projects/object_detection_modeling/dataset/images/pineapple_aug254.jpg
pineapple165.jpg,361,360,Pineapple,216,65,360,247,/Users/paulefeb/Projects/object_detection_modeling/dataset/images/pineapple165.jpg
pineapple379.jpg,162,119,Pineapple,85,45,111,104,/Users/paulefeb/Projects/object_detection_modeling/dataset/images/pineapple379.jpg
pineapple76.jpg,360,360,Pineapple,252,327,335,360,/Users/paulefeb/Projects/object_detection_modeling/dataset/images/pineapple76.jpg
pineapple438.jpg,240,240,Pineapple,37,1,240,74,/Users/paulefeb/Projects/object_detection_modeling/dataset/images/pineapple438.jpg
pineapple_aug127.jpg,117,140,Pineapple,20,6,102,84,/Users/paulefeb/Projects/object_detection_modeling/dataset/images/pineapple_aug127.jpg
pineapple15.jpg,360,360,Pineapple,162,282,242,348,/Users/paulefeb/Projects/object_detection_modeling/dataset/images/pineapple15.jpg
pineapple_aug352.jpg,367,360,Pineapple,27,18,186,344,/Users/paulefeb/Projects/object_detection_modeling/dataset/images/pineapple_aug352.jpg
pineapple22.jpg,360,360,Pineapple,249,12,337,211,/Users/paulefeb/Projects/object_detection_modeling/dataset/images/pineapple22.jpg
pineapple459.jpg,162,121,Pineapple,89,44,104,84,/Users/paulefeb/Projects/object_detection_modeling/dataset/images/pineapple459.jpg
pineapple_aug422.jpg,162,121,Pineapple,49,60,67,106,/Users/paulefeb/Projects/object_detection_modeling/dataset/images/pineapple_aug422.jpg
pineapple55.jpg,140,140,Pineapple,38,5,98,134,/Users/paulefeb/Projects/object_detection_modeling/dataset/images/pineapple55.jpg
pineapple_aug257.jpg,360,360,Pineapple,112,62,206,212,/Users/paulefeb/Projects/object_detection_modeling/dataset/images/pineapple_aug257.jpg
pineapple_aug162.jpg,361,360,Pineapple,115,6,285,113,/Users/paulefeb/Projects/object_detection_modeling/dataset/images/pineapple_aug162.jpg
pineapple_aug279.jpg,360,360,Pineapple,102,5,277,317,/Users/paulefeb/Projects/object_detection_modeling/dataset/images/pineapple_aug279.jpg
pineapple_aug196.jpg,239,240,Pineapple,1,83,72,147,/Users/paulefeb/Projects/object_detection_modeling/dataset/images/pineapple_aug196.jpg
pineapple_aug327.jpg,162,121,Pineapple,46,9,107,106,/Users/paulefeb/Projects/object_detection_modeling/dataset/images/pineapple_aug327.jpg
pineapple22.jpg,360,360,Pineapple,111,31,256,340,/Users/paulefeb/Projects/object_detection_modeling/dataset/images/pineapple22.jpg
pineapple446.jpg,162,121,Pineapple,7,54,28,107,/Users/paulefeb/Projects/object_detection_modeling/dataset/images/pineapple446.jpg
pineapple_aug133.jpg,162,119,Pineapple,52,37,99,111,/Users/paulefeb/Projects/object_detection_modeling/dataset/images/pineapple_aug133.jpg
pineapple310.jpg,162,101,Pineapple,12,42,39,82,/Users/paulefeb/Projects/object_detection_modeling/dataset/images/pineapple310.jpg
pineapple136.jpg,138,140,Pineapple,36,1,80,51,/Users/paulefeb/Projects/object_detection_modeling/dataset/images/pineapple136.jpg
pineapple376.jpg,162,119,Pineapple,86,1,111,44,/Users/paulefeb/Projects/object_detection_modeling/dataset/images/pineapple376.jpg
pineapple25.jpg,360,360,Pineapple,36,18,175,341,/Users/paulefeb/Projects/object_detection_modeling/dataset/images/pineapple25.jpg
pineapple276.jpg,360,360,Pineapple,97,7,231,334,/Users/paulefeb/Projects/object_detection_modeling/dataset/images/pineapple276.jpg
pineapple441.jpg,162,107,Pineapple,116,12,151,47,/Users/paulefeb/Projects/object_detection_modeling/dataset/images/pineapple441.jpg
pineapple_aug390.jpg,162,121,Pineapple,87,54,110,111,/Users/paulefeb/Projects/object_detection_modeling/dataset/images/pineapple_aug390.jpg
pineapple2.jpg,360,360,Pineapple,105,17,256,332,/Users/paulefeb/Projects/object_detection_modeling/dataset/images/pineapple2.jpg
pineapple220.jpg,240,240,Pineapple,62,55,97,124,/Users/paulefeb/Projects/object_detection_modeling/dataset/images/pineapple220.jpg
pineapple82.jpg,360,360,Pineapple,314,182,345,238,/Users/paulefeb/Projects/object_detection_modeling/dataset/images/pineapple82.jpg
pineapple270.jpg,360,360,Pineapple,19,38,318,273,/Users/paulefeb/Projects/object_detection_modeling/dataset/images/pineapple270.jpg
pineapple448.jpg,162,121,Pineapple,95,58,117,109,/Users/paulefeb/Projects/object_detection_modeling/dataset/images/pineapple448.jpg
pineapple123.jpg,162,85,Pineapple,53,6,119,44,/Users/paulefeb/Projects/object_detection_modeling/dataset/images/pineapple123.jpg
pineapple_aug437.jpg,162,107,Pineapple,1,17,104,99,/Users/paulefeb/Projects/object_detection_modeling/dataset/images/pineapple_aug437.jpg
pineapple_aug141.jpg,162,115,Pineapple,36,27,93,104,/Users/paulefeb/Projects/object_detection_modeling/dataset/images/pineapple_aug141.jpg
pineapple71.jpg,360,360,Pineapple,195,241,298,360,/Users/paulefeb/Projects/object_detection_modeling/dataset/images/pineapple71.jpg
pineapple129.jpg,162,108,Pineapple,24,11,79,94,/Users/paulefeb/Projects/object_detection_modeling/dataset/images/pineapple129.jpg
pineapple209.jpg,360,360,Pineapple,82,1,177,103,/Users/paulefeb/Projects/object_detection_modeling/dataset/images/pineapple209.jpg
pineapple_aug13.jpg,162,119,Pineapple,61,2,129,92,/Users/paulefeb/Projects/object_detection_modeling/dataset/images/pineapple_aug13.jpg
pineapple_aug99.jpg,360,360,Pineapple,207,76,298,158,/Users/paulefeb/Projects/object_detection_modeling/dataset/images/pineapple_aug99.jpg
pineapple66.jpg,162,121,Pineapple,118,30,162,107,/Users/paulefeb/Projects/object_detection_modeling/dataset/images/pineapple66.jpg
pineapple200.jpg,381,360,Pineapple,57,23,290,326,/Users/paulefeb/Projects/object_detection_modeling/dataset/images/pineapple200.jpg
pineapple186.jpg,360,360,Pineapple,94,16,272,350,/Users/paulefeb/Projects/object_detection_modeling/dataset/images/pineapple186.jpg
pineapple83.jpg,360,360,Pineapple,89,4,242,318,/Users/paulefeb/Projects/object_detection_modeling/dataset/images/pineapple83.jpg
pineapple40.jpg,240,240,Pineapple,1,1,80,240,/Users/paulefeb/Projects/object_detection_modeling/dataset/images/pineapple40.jpg
pineapple264.jpg,360,360,Pineapple,46,67,145,261,/Users/paulefeb/Projects/object_detection_modeling/dataset/images/pineapple264.jpg
pineapple162.jpg,360,360,Pineapple,151,21,211,190,/Users/paulefeb/Projects/object_detection_modeling/dataset/images/pineapple162.jpg
pineapple_aug47.jpg,360,360,Pineapple,202,2,357,134,/Users/paulefeb/Projects/object_detection_modeling/dataset/images/pineapple_aug47.jpg
pineapple247.jpg,162,121,Pineapple,80,49,98,86,/Users/paulefeb/Projects/object_detection_modeling/dataset/images/pineapple247.jpg
pineapple308.jpg,147,140,Pineapple,32,60,53,97,/Users/paulefeb/Projects/object_detection_modeling/dataset/images/pineapple308.jpg
pineapple260.jpg,358,360,Pineapple,205,20,331,289,/Users/paulefeb/Projects/object_detection_modeling/dataset/images/pineapple260.jpg
pineapple_aug10.jpg,139,140,Pineapple,35,14,107,125,/Users/paulefeb/Projects/object_detection_modeling/dataset/images/pineapple_aug10.jpg
pineapple_aug205.jpg,93,140,Pineapple,40,9,74,73,/Users/paulefeb/Projects/object_detection_modeling/dataset/images/pineapple_aug205.jpg
pineapple_aug225.jpg,162,108,Pineapple,54,5,113,104,/Users/paulefeb/Projects/object_detection_modeling/dataset/images/pineapple_aug225.jpg
pineapple314.jpg,162,131,Pineapple,104,53,129,99,/Users/paulefeb/Projects/object_detection_modeling/dataset/images/pineapple314.jpg
pineapple432.jpg,240,240,Pineapple,154,17,240,238,/Users/paulefeb/Projects/object_detection_modeling/dataset/images/pineapple432.jpg
pineapple331.jpg,360,360,Pineapple,210,259,258,360,/Users/paulefeb/Projects/object_detection_modeling/dataset/images/pineapple331.jpg
pineapple66.jpg,162,121,Pineapple,15,55,56,121,/Users/paulefeb/Projects/object_detection_modeling/dataset/images/pineapple66.jpg
pineapple_aug273.jpg,105,140,Pineapple,31,12,75,82,/Users/paulefeb/Projects/object_detection_modeling/dataset/images/pineapple_aug273.jpg
pineapple264.jpg,360,360,Pineapple,1,192,284,358,/Users/paulefeb/Projects/object_detection_modeling/dataset/images/pineapple264.jpg
pineapple_aug34.jpg,240,225,Pineapple,156,86,218,165,/Users/paulefeb/Projects/object_detection_modeling/dataset/images/pineapple_aug34.jpg
pineapple53.jpg,162,121,Pineapple,101,7,142,116,/Users/paulefeb/Projects/object_detection_modeling/dataset/images/pineapple53.jpg
pineapple_aug7.jpg,360,360,Pineapple,106,23,267,332,/Users/paulefeb/Projects/object_detection_modeling/dataset/images/pineapple_aug7.jpg
pineapple124.jpg,162,84,Pineapple,123,14,150,66,/Users/paulefeb/Projects/object_detection_modeling/dataset/images/pineapple124.jpg
pineapple_aug136.jpg,240,240,Pineapple,34,87,240,205,/Users/paulefeb/Projects/object_detection_modeling/dataset/images/pineapple_aug136.jpg
pineapple_aug279.jpg,360,360,Pineapple,102,5,277,317,/Users/paulefeb/Projects/object_detection_modeling/dataset/images/pineapple_aug279.jpg
pineapple136.jpg,138,140,Pineapple,20,62,52,113,/Users/paulefeb/Projects/object_detection_modeling/dataset/images/pineapple136.jpg
pineapple_aug62.jpg,240,240,Pineapple,89,27,211,239,/Users/paulefeb/Projects/object_detection_modeling/dataset/images/pineapple_aug62.jpg
pineapple33.jpg,240,240,Pineapple,150,130,208,166,/Users/paulefeb/Projects/object_detection_modeling/dataset/images/pineapple33.jpg
pineapple5.jpg,360,360,Pineapple,214,1,315,122,/Users/paulefeb/Projects/object_detection_modeling/dataset/images/pineapple5.jpg
pineapple247.jpg,162,121,Pineapple,22,58,40,101,/Users/paulefeb/Projects/object_detection_modeling/dataset/images/pineapple247.jpg
pineapple63.jpg,140,140,Pineapple,45,9,98,129,/Users/paulefeb/Projects/object_detection_modeling/dataset/images/pineapple63.jpg
pineapple441.jpg,162,107,Pineapple,97,22,128,66,/Users/paulefeb/Projects/object_detection_modeling/dataset/images/pineapple441.jpg
pineapple178.jpg,140,140,Pineapple,80,58,127,137,/Users/paulefeb/Projects/object_detection_modeling/dataset/images/pineapple178.jpg
pineapple_aug178.jpg,162,84,Pineapple,122,13,150,63,/Users/paulefeb/Projects/object_detection_modeling/dataset/images/pineapple_aug178.jpg
pineapple_aug392.jpg,147,140,Pineapple,72,16,114,115,/Users/paulefeb/Projects/object_detection_modeling/dataset/images/pineapple_aug392.jpg
pineapple_aug113.jpg,366,360,Pineapple,88,19,289,331,/Users/paulefeb/Projects/object_detection_modeling/dataset/images/pineapple_aug113.jpg
pineapple_aug54.jpg,162,101,Pineapple,68,34,84,64,/Users/paulefeb/Projects/object_detection_modeling/dataset/images/pineapple_aug54.jpg
pineapple_aug54.jpg,162,101,Pineapple,13,13,34,55,/Users/paulefeb/Projects/object_detection_modeling/dataset/images/pineapple_aug54.jpg
pineapple237.jpg,160,140,Pineapple,49,36,74,74,/Users/paulefeb/Projects/object_detection_modeling/dataset/images/pineapple237.jpg
pineapple_aug178.jpg,162,84,Pineapple,86,16,114,66,/Users/paulefeb/Projects/object_detection_modeling/dataset/images/pineapple_aug178.jpg
pineapple_aug134.jpg,240,240,Pineapple,131,14,152,52,/Users/paulefeb/Projects/object_detection_modeling/dataset/images/pineapple_aug134.jpg
pineapple260.jpg,358,360,Pineapple,15,179,214,305,/Users/paulefeb/Projects/object_detection_modeling/dataset/images/pineapple260.jpg
pineapple256.jpg,360,360,Pineapple,33,17,332,276,/Users/paulefeb/Projects/object_detection_modeling/dataset/images/pineapple256.jpg
pineapple40.jpg,240,240,Pineapple,163,1,235,240,/Users/paulefeb/Projects/object_detection_modeling/dataset/images/pineapple40.jpg
pineapple246.jpg,140,140,Pineapple,50,14,68,57,/Users/paulefeb/Projects/object_detection_modeling/dataset/images/pineapple246.jpg
pineapple459.jpg,162,121,Pineapple,104,42,119,84,/Users/paulefeb/Projects/object_detection_modeling/dataset/images/pineapple459.jpg
pineapple_aug20.jpg,360,360,Pineapple,122,33,252,265,/Users/paulefeb/Projects/object_detection_modeling/dataset/images/pineapple_aug20.jpg
pineapple_aug392.jpg,147,140,Pineapple,32,58,55,97,/Users/paulefeb/Projects/object_detection_modeling/dataset/images/pineapple_aug392.jpg
pineapple22.jpg,360,360,Pineapple,249,12,337,211,/Users/paulefeb/Projects/object_detection_modeling/dataset/images/pineapple22.jpg
pineapple386.jpg,162,121,Pineapple,58,9,106,107,/Users/paulefeb/Projects/object_detection_modeling/dataset/images/pineapple386.jpg
pineapple_aug453.jpg,93,140,Pineapple,15,16,80,121,/Users/paulefeb/Projects/object_detection_modeling/dataset/images/pineapple_aug453.jpg
pineapple_aug57.jpg,148,140,Pineapple,82,77,104,114,/Users/paulefeb/Projects/object_detection_modeling/dataset/images/pineapple_aug57.jpg
pineapple60.jpg,162,109,Pineapple,37,74,74,109,/Users/paulefeb/Projects/object_detection_modeling/dataset/images/pineapple60.jpg
pineapple_aug397.jpg,105,140,Pineapple,16,39,61,113,/Users/paulefeb/Projects/object_detection_modeling/dataset/images/pineapple_aug397.jpg
pineapple363.jpg,240,240,Pineapple,111,21,235,146,/Users/paulefeb/Projects/object_detection_modeling/dataset/images/pineapple363.jpg
pineapple154.jpg,360,360,Pineapple,107,30,254,336,/Users/paulefeb/Projects/object_detection_modeling/dataset/images/pineapple154.jpg
pineapple216.jpg,240,240,Pineapple,129,116,154,196,/Users/paulefeb/Projects/object_detection_modeling/dataset/images/pineapple216.jpg
pineapple36.jpg,240,240,Pineapple,51,8,128,215,/Users/paulefeb/Projects/object_detection_modeling/dataset/images/pineapple36.jpg
pineapple310.jpg,162,101,Pineapple,115,22,129,59,/Users/paulefeb/Projects/object_detection_modeling/dataset/images/pineapple310.jpg
pineapple58.jpg,162,109,Pineapple,57,16,103,91,/Users/paulefeb/Projects/object_detection_modeling/dataset/images/pineapple58.jpg
pineapple86.jpg,360,360,Pineapple,240,25,336,238,/Users/paulefeb/Projects/object_detection_modeling/dataset/images/pineapple86.jpg
pineapple376.jpg,162,119,Pineapple,23,47,51,106,/Users/paulefeb/Projects/object_detection_modeling/dataset/images/pineapple376.jpg
pineapple264.jpg,360,360,Pineapple,185,82,287,191,/Users/paulefeb/Projects/object_detection_modeling/dataset/images/pineapple264.jpg
pineapple71.jpg,360,360,Pineapple,1,1,86,108,/Users/paulefeb/Projects/object_detection_modeling/dataset/images/pineapple71.jpg
pineapple248.jpg,162,108,Pineapple,68,18,84,59,/Users/paulefeb/Projects/object_detection_modeling/dataset/images/pineapple248.jpg
pineapple_aug225.jpg,162,108,Pineapple,6,1,56,96,/Users/paulefeb/Projects/object_detection_modeling/dataset/images/pineapple_aug225.jpg
pineapple_aug214.jpg,162,107,Pineapple,35,6,73,88,/Users/paulefeb/Projects/object_detection_modeling/dataset/images/pineapple_aug214.jpg
pineapple33.jpg,240,240,Pineapple,150,130,208,166,/Users/paulefeb/Projects/object_detection_modeling/dataset/images/pineapple33.jpg
pineapple64.jpg,162,91,Pineapple,2,8,35,79,/Users/paulefeb/Projects/object_detection_modeling/dataset/images/pineapple64.jpg
pineapple307.jpg,162,121,Pineapple,23,24,54,83,/Users/paulefeb/Projects/object_detection_modeling/dataset/images/pineapple307.jpg
pineapple_aug419.jpg,162,130,Pineapple,109,53,140,110,/Users/paulefeb/Projects/object_detection_modeling/dataset/images/pineapple_aug419.jpg
pineapple_aug322.jpg,162,121,Pineapple,71,16,141,113,/Users/paulefeb/Projects/object_detection_modeling/dataset/images/pineapple_aug322.jpg
pineapple74.jpg,360,360,Pineapple,34,9,179,332,/Users/paulefeb/Projects/object_detection_modeling/dataset/images/pineapple74.jpg
pineapple_aug150.jpg,360,360,Pineapple,70,27,295,294,/Users/paulefeb/Projects/object_detection_modeling/dataset/images/pineapple_aug150.jpg
pineapple_aug220.jpg,140,140,Pineapple,28,12,110,125,/Users/paulefeb/Projects/object_detection_modeling/dataset/images/pineapple_aug220.jpg
pineapple130.jpg,140,140,Pineapple,21,38,137,94,/Users/paulefeb/Projects/object_detection_modeling/dataset/images/pineapple130.jpg
pineapple124.jpg,162,84,Pineapple,48,15,75,66,/Users/paulefeb/Projects/object_detection_modeling/dataset/images/pineapple124.jpg
pineapple310.jpg,162,101,Pineapple,115,22,129,59,/Users/paulefeb/Projects/object_detection_modeling/dataset/images/pineapple310.jpg
pineapple136.jpg,138,140,Pineapple,67,43,111,72,/Users/paulefeb/Projects/object_detection_modeling/dataset/images/pineapple136.jpg
pineapple286.jpg,240,240,Pineapple,125,133,142,177,/Users/paulefeb/Projects/object_detection_modeling/dataset/images/pineapple286.jpg
pineapple76.jpg,360,360,Pineapple,163,281,245,345,/Users/paulefeb/Projects/object_detection_modeling/dataset/images/pineapple76.jpg
pineapple_aug254.jpg,360,360,Pineapple,171,43,269,194,/Users/paulefeb/Projects/object_detection_modeling/dataset/images/pineapple_aug254.jpg
pineapple270.jpg,360,360,Pineapple,19,38,318,273,/Users/paulefeb/Projects/object_detection_modeling/dataset/images/pineapple270.jpg
pineapple377.jpg,162,115,Pineapple,111,1,148,92,/Users/paulefeb/Projects/object_detection_modeling/dataset/images/pineapple377.jpg
pineapple381.jpg,162,121,Pineapple,99,69,113,102,/Users/paulefeb/Projects/object_detection_modeling/dataset/images/pineapple381.jpg
pineapple184.jpg,162,116,Pineapple,70,20,112,89,/Users/paulefeb/Projects/object_detection_modeling/dataset/images/pineapple184.jpg
pineapple_aug271.jpg,162,121,Pineapple,101,61,118,97,/Users/paulefeb/Projects/object_detection_modeling/dataset/images/pineapple_aug271.jpg
pineapple445.jpg,162,121,Pineapple,113,32,142,112,/Users/paulefeb/Projects/object_detection_modeling/dataset/images/pineapple445.jpg
pineapple279.jpg,360,360,Pineapple,84,14,261,345,/Users/paulefeb/Projects/object_detection_modeling/dataset/images/pineapple279.jpg
pineapple381.jpg,162,121,Pineapple,132,28,142,55,/Users/paulefeb/Projects/object_detection_modeling/dataset/images/pineapple381.jpg
pineapple_aug243.jpg,140,140,Pineapple,27,9,113,138,/Users/paulefeb/Projects/object_detection_modeling/dataset/images/pineapple_aug243.jpg
pineapple_aug5.jpg,240,240,Pineapple,91,49,237,186,/Users/paulefeb/Projects/object_detection_modeling/dataset/images/pineapple_aug5.jpg
pineapple248.jpg,162,108,Pineapple,68,18,84,59,/Users/paulefeb/Projects/object_detection_modeling/dataset/images/pineapple248.jpg
pineapple60.jpg,162,109,Pineapple,42,1,77,36,/Users/paulefeb/Projects/object_detection_modeling/dataset/images/pineapple60.jpg
pineapple73.jpg,360,360,Pineapple,105,21,257,333,/Users/paulefeb/Projects/object_detection_modeling/dataset/images/pineapple73.jpg
pineapple260.jpg,358,360,Pineapple,205,20,331,289,/Users/paulefeb/Projects/object_detection_modeling/dataset/images/pineapple260.jpg
pineapple129.jpg,162,108,Pineapple,24,11,79,94,/Users/paulefeb/Projects/object_detection_modeling/dataset/images/pineapple129.jpg
pineapple264.jpg,360,360,Pineapple,211,1,360,142,/Users/paulefeb/Projects/object_detection_modeling/dataset/images/pineapple264.jpg
pineapple118.jpg,240,240,Pineapple,170,139,200,232,/Users/paulefeb/Projects/object_detection_modeling/dataset/images/pineapple118.jpg
pineapple7.jpg,360,360,Pineapple,21,14,332,276,/Users/paulefeb/Projects/object_detection_modeling/dataset/images/pineapple7.jpg
pineapple128.jpg,139,140,Pineapple,46,14,96,125,/Users/paulefeb/Projects/object_detection_modeling/dataset/images/pineapple128.jpg
pineapple59.jpg,162,91,Pineapple,143,1,162,82,/Users/paulefeb/Projects/object_detection_modeling/dataset/images/pineapple59.jpg
pineapple132.jpg,71,140,Pineapple,3,1,67,136,/Users/paulefeb/Projects/object_detection_modeling/dataset/images/pineapple132.jpg
pineapple213.jpg,240,240,Pineapple,144,141,240,239,/Users/paulefeb/Projects/object_detection_modeling/dataset/images/pineapple213.jpg
pineapple_aug339.jpg,339,360,Pineapple,68,221,120,273,/Users/paulefeb/Projects/object_detection_modeling/dataset/images/pineapple_aug339.jpg
pineapple438.jpg,240,240,Pineapple,38,77,239,167,/Users/paulefeb/Projects/object_detection_modeling/dataset/images/pineapple438.jpg
pineapple_aug81.jpg,162,121,Pineapple,72,63,93,111,/Users/paulefeb/Projects/object_detection_modeling/dataset/images/pineapple_aug81.jpg
pineapple438.jpg,240,240,Pineapple,74,171,240,240,/Users/paulefeb/Projects/object_detection_modeling/dataset/images/pineapple438.jpg
pineapple61.jpg,162,137,Pineapple,31,3,105,97,/Users/paulefeb/Projects/object_detection_modeling/dataset/images/pineapple61.jpg
pineapple_aug50.jpg,240,240,Pineapple,140,149,195,180,/Users/paulefeb/Projects/object_detection_modeling/dataset/images/pineapple_aug50.jpg
pineapple36.jpg,240,240,Pineapple,51,8,128,215,/Users/paulefeb/Projects/object_detection_modeling/dataset/images/pineapple36.jpg
pineapple15.jpg,360,360,Pineapple,86,41,133,130,/Users/paulefeb/Projects/object_detection_modeling/dataset/images/pineapple15.jpg
pineapple57.jpg,140,140,Pineapple,1,16,54,140,/Users/paulefeb/Projects/object_detection_modeling/dataset/images/pineapple57.jpg
pineapple264.jpg,360,360,Pineapple,264,180,360,294,/Users/paulefeb/Projects/object_detection_modeling/dataset/images/pineapple264.jpg
pineapple417.jpg,240,240,Pineapple,193,160,237,214,/Users/paulefeb/Projects/object_detection_modeling/dataset/images/pineapple417.jpg
pineapple448.jpg,162,121,Pineapple,117,41,140,105,/Users/paulefeb/Projects/object_detection_modeling/dataset/images/pineapple448.jpg
pineapple_aug57.jpg,148,140,Pineapple,41,78,77,122,/Users/paulefeb/Projects/object_detection_modeling/dataset/images/pineapple_aug57.jpg
pineapple_aug254.jpg,360,360,Pineapple,228,91,293,202,/Users/paulefeb/Projects/object_detection_modeling/dataset/images/pineapple_aug254.jpg
pineapple_aug441.jpg,360,360,Pineapple,107,61,200,214,/Users/paulefeb/Projects/object_detection_modeling/dataset/images/pineapple_aug441.jpg
pineapple124.jpg,162,84,Pineapple,85,15,112,66,/Users/paulefeb/Projects/object_detection_modeling/dataset/images/pineapple124.jpg
pineapple52.jpg,162,108,Pineapple,28,10,80,95,/Users/paulefeb/Projects/object_detection_modeling/dataset/images/pineapple52.jpg
pineapple_aug422.jpg,162,121,Pineapple,118,53,145,82,/Users/paulefeb/Projects/object_detection_modeling/dataset/images/pineapple_aug422.jpg
pineapple60.jpg,162,109,Pineapple,122,63,160,105,/Users/paulefeb/Projects/object_detection_modeling/dataset/images/pineapple60.jpg
pineapple264.jpg,360,360,Pineapple,56,9,179,61,/Users/paulefeb/Projects/object_detection_modeling/dataset/images/pineapple264.jpg
pineapple447.jpg,89,140,Pineapple,21,77,46,114,/Users/paulefeb/Projects/object_detection_modeling/dataset/images/pineapple447.jpg
pineapple310.jpg,162,101,Pineapple,64,37,89,70,/Users/paulefeb/Projects/object_detection_modeling/dataset/images/pineapple310.jpg
pineapple379.jpg,162,119,Pineapple,61,41,86,104,/Users/paulefeb/Projects/object_detection_modeling/dataset/images/pineapple379.jpg
pineapple_aug47.jpg,360,360,Pineapple,269,177,360,290,/Users/paulefeb/Projects/object_detection_modeling/dataset/images/pineapple_aug47.jpg
pineapple447.jpg,89,140,Pineapple,39,55,62,87,/Users/paulefeb/Projects/object_detection_modeling/dataset/images/pineapple447.jpg
pineapple335.jpg,360,360,Pineapple,28,253,78,360,/Users/paulefeb/Projects/object_detection_modeling/dataset/images/pineapple335.jpg
pineapple_aug14.jpg,162,121,Pineapple,100,48,122,90,/Users/paulefeb/Projects/object_detection_modeling/dataset/images/pineapple_aug14.jpg
pineapple59.jpg,162,91,Pineapple,11,20,42,91,/Users/paulefeb/Projects/object_detection_modeling/dataset/images/pineapple59.jpg
pineapple59.jpg,162,91,Pineapple,108,1,138,89,/Users/paulefeb/Projects/object_detection_modeling/dataset/images/pineapple59.jpg
pineapple118.jpg,240,240,Pineapple,148,134,173,232,/Users/paulefeb/Projects/object_detection_modeling/dataset/images/pineapple118.jpg
pineapple3.jpg,360,360,Pineapple,106,6,265,316,/Users/paulefeb/Projects/object_detection_modeling/dataset/images/pineapple3.jpg
pineapple335.jpg,360,360,Pineapple,211,77,258,185,/Users/paulefeb/Projects/object_detection_modeling/dataset/images/pineapple335.jpg
pineapple128.jpg,139,140,Pineapple,46,14,96,125,/Users/paulefeb/Projects/object_detection_modeling/dataset/images/pineapple128.jpg
pineapple71.jpg,360,360,Pineapple,23,194,124,348,/Users/paulefeb/Projects/object_detection_modeling/dataset/images/pineapple71.jpg
pineapple_aug255.jpg,140,140,Pineapple,2,35,76,132,/Users/paulefeb/Projects/object_detection_modeling/dataset/images/pineapple_aug255.jpg
pineapple60.jpg,162,109,Pineapple,15,40,54,85,/Users/paulefeb/Projects/object_detection_modeling/dataset/images/pineapple60.jpg
pineapple241.jpg,162,91,Pineapple,1,63,36,76,/Users/paulefeb/Projects/object_detection_modeling/dataset/images/pineapple241.jpg
pineapple_aug81.jpg,162,121,Pineapple,93,61,116,107,/Users/paulefeb/Projects/object_detection_modeling/dataset/images/pineapple_aug81.jpg
pineapple54.jpg,162,121,Pineapple,7,65,89,112,/Users/paulefeb/Projects/object_detection_modeling/dataset/images/pineapple54.jpg
pineapple_aug47.jpg,360,360,Pineapple,38,76,140,255,/Users/paulefeb/Projects/object_detection_modeling/dataset/images/pineapple_aug47.jpg
pineapple70.jpg,162,108,Pineapple,16,1,64,101,/Users/paulefeb/Projects/object_detection_modeling/dataset/images/pineapple70.jpg
pineapple_aug230.jpg,240,240,Pineapple,32,25,184,224,/Users/paulefeb/Projects/object_detection_modeling/dataset/images/pineapple_aug230.jpg
pineapple88.jpg,360,360,Pineapple,104,16,259,334,/Users/paulefeb/Projects/object_detection_modeling/dataset/images/pineapple88.jpg
pineapple_aug99.jpg,360,360,Pineapple,58,177,121,277,/Users/paulefeb/Projects/object_detection_modeling/dataset/images/pineapple_aug99.jpg
pineapple66.jpg,162,121,Pineapple,23,1,70,61,/Users/paulefeb/Projects/object_detection_modeling/dataset/images/pineapple66.jpg
pineapple22.jpg,360,360,Pineapple,111,31,256,340,/Users/paulefeb/Projects/object_detection_modeling/dataset/images/pineapple22.jpg
pineapple_aug415.jpg,108,140,Pineapple,15,12,76,124,/Users/paulefeb/Projects/object_detection_modeling/dataset/images/pineapple_aug415.jpg
pineapple_aug399.jpg,162,121,Pineapple,20,1,135,121,/Users/paulefeb/Projects/object_detection_modeling/dataset/images/pineapple_aug399.jpg
pineapple64.jpg,162,91,Pineapple,32,1,76,68,/Users/paulefeb/Projects/object_detection_modeling/dataset/images/pineapple64.jpg
pineapple_aug86.jpg,240,240,Pineapple,10,34,140,205,/Users/paulefeb/Projects/object_detection_modeling/dataset/images/pineapple_aug86.jpg
pineapple_aug3.jpg,360,360,Pineapple,68,8,273,323,/Users/paulefeb/Projects/object_detection_modeling/dataset/images/pineapple_aug3.jpg
pineapple15.jpg,360,360,Pineapple,194,172,260,255,/Users/paulefeb/Projects/object_detection_modeling/dataset/images/pineapple15.jpg
pineapple_aug43.jpg,162,108,Pineapple,65,21,85,59,/Users/paulefeb/Projects/object_detection_modeling/dataset/images/pineapple_aug43.jpg
pineapple_aug162.jpg,361,360,Pineapple,225,75,354,261,/Users/paulefeb/Projects/object_detection_modeling/dataset/images/pineapple_aug162.jpg
pineapple_aug162.jpg,361,360,Pineapple,21,136,152,331,/Users/paulefeb/Projects/object_detection_modeling/dataset/images/pineapple_aug162.jpg
pineapple134.jpg,140,140,Pineapple,19,1,87,96,/Users/paulefeb/Projects/object_detection_modeling/dataset/images/pineapple134.jpg
pineapple280.jpg,367,360,Pineapple,32,19,179,341,/Users/paulefeb/Projects/object_detection_modeling/dataset/images/pineapple280.jpg
pineapple459.jpg,162,121,Pineapple,61,78,77,115,/Users/paulefeb/Projects/object_detection_modeling/dataset/images/pineapple459.jpg
pineapple264.jpg,360,360,Pineapple,1,192,284,358,/Users/paulefeb/Projects/object_detection_modeling/dataset/images/pineapple264.jpg
pineapple76.jpg,360,360,Pineapple,269,41,312,130,/Users/paulefeb/Projects/object_detection_modeling/dataset/images/pineapple76.jpg
pineapple_aug312.jpg,162,108,Pineapple,8,16,71,108,/Users/paulefeb/Projects/object_detection_modeling/dataset/images/pineapple_aug312.jpg
pineapple_aug133.jpg,162,119,Pineapple,81,32,128,100,/Users/paulefeb/Projects/object_detection_modeling/dataset/images/pineapple_aug133.jpg
pineapple_aug133.jpg,162,119,Pineapple,52,37,99,111,/Users/paulefeb/Projects/object_detection_modeling/dataset/images/pineapple_aug133.jpg
pineapple22.jpg,360,360,Pineapple,25,7,119,203,/Users/paulefeb/Projects/object_detection_modeling/dataset/images/pineapple22.jpg
pineapple76.jpg,360,360,Pineapple,71,152,157,204,/Users/paulefeb/Projects/object_detection_modeling/dataset/images/pineapple76.jpg
pineapple246.jpg,140,140,Pineapple,106,68,127,117,/Users/paulefeb/Projects/object_detection_modeling/dataset/images/pineapple246.jpg
pineapple_aug442.jpg,240,240,Pineapple,156,130,190,220,/Users/paulefeb/Projects/object_detection_modeling/dataset/images/pineapple_aug442.jpg
pineapple385.jpg,162,121,Pineapple,4,37,20,76,/Users/paulefeb/Projects/object_detection_modeling/dataset/images/pineapple385.jpg
pineapple64.jpg,162,91,Pineapple,120,39,157,91,/Users/paulefeb/Projects/object_detection_modeling/dataset/images/pineapple64.jpg
pineapple446.jpg,162,121,Pineapple,73,58,93,106,/Users/paulefeb/Projects/object_detection_modeling/dataset/images/pineapple446.jpg
pineapple124.jpg,162,84,Pineapple,12,15,39,66,/Users/paulefeb/Projects/object_detection_modeling/dataset/images/pineapple124.jpg
pineapple_aug69.jpg,360,360,Pineapple,81,40,253,304,/Users/paulefeb/Projects/object_detection_modeling/dataset/images/pineapple_aug69.jpg
pineapple_aug115.jpg,140,140,Pineapple,32,1,123,128,/Users/paulefeb/Projects/object_detection_modeling/dataset/images/pineapple_aug115.jpg
pineapple314.jpg,162,131,Pineapple,104,53,129,99,/Users/paulefeb/Projects/object_detection_modeling/dataset/images/pineapple314.jpg
pineapple_aug438.jpg,140,140,Pineapple,89,18,110,65,/Users/paulefeb/Projects/object_detection_modeling/dataset/images/pineapple_aug438.jpg
pineapple459.jpg,162,121,Pineapple,89,44,104,84,/Users/paulefeb/Projects/object_detection_modeling/dataset/images/pineapple459.jpg
pineapple163.jpg,360,360,Pineapple,271,217,345,314,/Users/paulefeb/Projects/object_detection_modeling/dataset/images/pineapple163.jpg
pineapple377.jpg,162,115,Pineapple,140,16,162,90,/Users/paulefeb/Projects/object_detection_modeling/dataset/images/pineapple377.jpg
pineapple446.jpg,162,121,Pineapple,28,56,50,110,/Users/paulefeb/Projects/object_detection_modeling/dataset/images/pineapple446.jpg
pineapple_aug167.jpg,360,360,Pineapple,253,69,348,161,/Users/paulefeb/Projects/object_detection_modeling/dataset/images/pineapple_aug167.jpg
pineapple167.jpg,140,140,Pineapple,34,8,55,61,/Users/paulefeb/Projects/object_detection_modeling/dataset/images/pineapple167.jpg
pineapple33.jpg,240,240,Pineapple,153,153,231,184,/Users/paulefeb/Projects/object_detection_modeling/dataset/images/pineapple33.jpg
pineapple144.jpg,360,360,Pineapple,114,43,248,324,/Users/paulefeb/Projects/object_detection_modeling/dataset/images/pineapple144.jpg
pineapple246.jpg,140,140,Pineapple,87,67,104,118,/Users/paulefeb/Projects/object_detection_modeling/dataset/images/pineapple246.jpg
pineapple264.jpg,360,360,Pineapple,56,9,179,61,/Users/paulefeb/Projects/object_detection_modeling/dataset/images/pineapple264.jpg
pineapple225.jpg,240,220,Pineapple,47,9,169,191,/Users/paulefeb/Projects/object_detection_modeling/dataset/images/pineapple225.jpg
pineapple_aug370.jpg,140,140,Pineapple,7,78,138,135,/Users/paulefeb/Projects/object_detection_modeling/dataset/images/pineapple_aug370.jpg
pineapple_aug427.jpg,71,140,Pineapple,3,2,67,136,/Users/paulefeb/Projects/object_detection_modeling/dataset/images/pineapple_aug427.jpg
pineapple363.jpg,240,240,Pineapple,108,132,237,232,/Users/paulefeb/Projects/object_detection_modeling/dataset/images/pineapple363.jpg
pineapple76.jpg,360,360,Pineapple,1,279,65,345,/Users/paulefeb/Projects/object_detection_modeling/dataset/images/pineapple76.jpg
pineapple_aug122.jpg,240,240,Pineapple,132,109,159,197,/Users/paulefeb/Projects/object_detection_modeling/dataset/images/pineapple_aug122.jpg
pineapple15.jpg,360,360,Pineapple,15,171,79,254,/Users/paulefeb/Projects/object_detection_modeling/dataset/images/pineapple15.jpg
pineapple127.jpg,108,140,Pineapple,16,11,74,121,/Users/paulefeb/Projects/object_detection_modeling/dataset/images/pineapple127.jpg
pineapple71.jpg,360,360,Pineapple,292,119,360,272,/Users/paulefeb/Projects/object_detection_modeling/dataset/images/pineapple71.jpg
pineapple_aug134.jpg,240,240,Pineapple,131,14,152,52,/Users/paulefeb/Projects/object_detection_modeling/dataset/images/pineapple_aug134.jpg
pineapple34.jpg,221,240,Pineapple,61,2,207,219,/Users/paulefeb/Projects/object_detection_modeling/dataset/images/pineapple34.jpg
pineapple_aug370.jpg,140,140,Pineapple,39,1,83,89,/Users/paulefeb/Projects/object_detection_modeling/dataset/images/pineapple_aug370.jpg
pineapple244.jpg,162,116,Pineapple,64,60,90,92,/Users/paulefeb/Projects/object_detection_modeling/dataset/images/pineapple244.jpg
pineapple152.jpg,360,360,Pineapple,119,27,242,293,/Users/paulefeb/Projects/object_detection_modeling/dataset/images/pineapple152.jpg
pineapple51.jpg,162,84,Pineapple,121,16,151,66,/Users/paulefeb/Projects/object_detection_modeling/dataset/images/pineapple51.jpg
pineapple196.jpg,360,360,Pineapple,165,53,219,191,/Users/paulefeb/Projects/object_detection_modeling/dataset/images/pineapple196.jpg
pineapple165.jpg,361,360,Pineapple,15,160,159,339,/Users/paulefeb/Projects/object_detection_modeling/dataset/images/pineapple165.jpg
pineapple33.jpg,240,240,Pineapple,41,121,104,182,/Users/paulefeb/Projects/object_detection_modeling/dataset/images/pineapple33.jpg
pineapple33.jpg,240,240,Pineapple,153,153,231,184,/Users/paulefeb/Projects/object_detection_modeling/dataset/images/pineapple33.jpg
pineapple447.jpg,89,140,Pineapple,55,63,76,100,/Users/paulefeb/Projects/object_detection_modeling/dataset/images/pineapple447.jpg
pineapple8.jpg,360,360,Pineapple,117,38,236,268,/Users/paulefeb/Projects/object_detection_modeling/dataset/images/pineapple8.jpg
pineapple285.jpg,240,240,Pineapple,168,172,186,209,/Users/paulefeb/Projects/object_detection_modeling/dataset/images/pineapple285.jpg
pineapple_aug84.jpg,140,140,Pineapple,33,4,128,138,/Users/paulefeb/Projects/object_detection_modeling/dataset/images/pineapple_aug84.jpg
pineapple_aug419.jpg,162,130,Pineapple,34,38,78,106,/Users/paulefeb/Projects/object_detection_modeling/dataset/images/pineapple_aug419.jpg
pineapple388.jpg,162,121,Pineapple,108,7,147,45,/Users/paulefeb/Projects/object_detection_modeling/dataset/images/pineapple388.jpg
pineapple76.jpg,360,360,Pineapple,87,41,137,130,/Users/paulefeb/Projects/object_detection_modeling/dataset/images/pineapple76.jpg
pineapple33.jpg,240,240,Pineapple,41,121,104,182,/Users/paulefeb/Projects/object_detection_modeling/dataset/images/pineapple33.jpg
pineapple_aug133.jpg,162,119,Pineapple,81,32,128,100,/Users/paulefeb/Projects/object_detection_modeling/dataset/images/pineapple_aug133.jpg
pineapple_aug287.jpg,360,360,Pineapple,79,86,192,230,/Users/paulefeb/Projects/object_detection_modeling/dataset/images/pineapple_aug287.jpg
pineapple60.jpg,162,109,Pineapple,4,1,37,37,/Users/paulefeb/Projects/object_detection_modeling/dataset/images/pineapple60.jpg
pineapple_aug397.jpg,105,140,Pineapple,72,37,103,100,/Users/paulefeb/Projects/object_detection_modeling/dataset/images/pineapple_aug397.jpg
pineapple76.jpg,360,360,Pineapple,72,330,153,360,/Users/paulefeb/Projects/object_detection_modeling/dataset/images/pineapple76.jpg
pineapple133.jpg,88,140,Pineapple,21,9,70,134,/Users/paulefeb/Projects/object_detection_modeling/dataset/images/pineapple133.jpg
pineapple35.jpg,240,240,Pineapple,91,52,238,188,/Users/paulefeb/Projects/object_detection_modeling/dataset/images/pineapple35.jpg
pineapple76.jpg,360,360,Pineapple,1,100,64,166,/Users/paulefeb/Projects/object_detection_modeling/dataset/images/pineapple76.jpg
pineapple15.jpg,360,360,Pineapple,195,1,261,77,/Users/paulefeb/Projects/object_detection_modeling/dataset/images/pineapple15.jpg
pineapple250.jpg,162,91,Pineapple,77,19,94,58,/Users/paulefeb/Projects/object_detection_modeling/dataset/images/pineapple250.jpg
pineapple_aug252.jpg,360,360,Pineapple,9,1,205,301,/Users/paulefeb/Projects/object_detection_modeling/dataset/images/pineapple_aug252.jpg
pineapple442.jpg,162,121,Pineapple,71,48,90,86,/Users/paulefeb/Projects/object_detection_modeling/dataset/images/pineapple442.jpg
pineapple_aug128.jpg,140,140,Pineapple,32,20,127,124,/Users/paulefeb/Projects/object_detection_modeling/dataset/images/pineapple_aug128.jpg
pineapple442.jpg,162,121,Pineapple,14,36,51,68,/Users/paulefeb/Projects/object_detection_modeling/dataset/images/pineapple442.jpg
pineapple445.jpg,162,121,Pineapple,91,32,118,99,/Users/paulefeb/Projects/object_detection_modeling/dataset/images/pineapple445.jpg
pineapple142.jpg,360,360,Pineapple,107,8,264,315,/Users/paulefeb/Projects/object_detection_modeling/dataset/images/pineapple142.jpg
pineapple118.jpg,240,240,Pineapple,198,142,226,235,/Users/paulefeb/Projects/object_detection_modeling/dataset/images/pineapple118.jpg
pineapple421.jpg,240,240,Pineapple,105,136,236,233,/Users/paulefeb/Projects/object_detection_modeling/dataset/images/pineapple421.jpg
pineapple_aug396.jpg,360,360,Pineapple,32,59,83,168,/Users/paulefeb/Projects/object_detection_modeling/dataset/images/pineapple_aug396.jpg
pineapple60.jpg,162,109,Pineapple,104,26,137,72,/Users/paulefeb/Projects/object_detection_modeling/dataset/images/pineapple60.jpg
pineapple150.jpg,360,360,Pineapple,20,25,119,234,/Users/paulefeb/Projects/object_detection_modeling/dataset/images/pineapple150.jpg
pineapple264.jpg,360,360,Pineapple,211,1,360,142,/Users/paulefeb/Projects/object_detection_modeling/dataset/images/pineapple264.jpg
pineapple_aug79.jpg,162,108,Pineapple,74,45,109,75,/Users/paulefeb/Projects/object_detection_modeling/dataset/images/pineapple_aug79.jpg
pineapple_aug274.jpg,75,140,Pineapple,2,6,72,136,/Users/paulefeb/Projects/object_detection_modeling/dataset/images/pineapple_aug274.jpg
pineapple_aug387.jpg,140,140,Pineapple,34,14,102,125,/Users/paulefeb/Projects/object_detection_modeling/dataset/images/pineapple_aug387.jpg
pineapple460.jpg,162,108,Pineapple,72,48,111,66,/Users/paulefeb/Projects/object_detection_modeling/dataset/images/pineapple460.jpg
pineapple15.jpg,360,360,Pineapple,327,24,360,113,/Users/paulefeb/Projects/object_detection_modeling/dataset/images/pineapple15.jpg
pineapple213.jpg,240,240,Pineapple,32,126,123,201,/Users/paulefeb/Projects/object_detection_modeling/dataset/images/pineapple213.jpg
pineapple76.jpg,360,360,Pineapple,269,222,310,311,/Users/paulefeb/Projects/object_detection_modeling/dataset/images/pineapple76.jpg
pineapple331.jpg,360,360,Pineapple,29,254,79,360,/Users/paulefeb/Projects/object_detection_modeling/dataset/images/pineapple331.jpg
pineapple172.jpg,93,140,Pineapple,16,13,71,114,/Users/paulefeb/Projects/object_detection_modeling/dataset/images/pineapple172.jpg
pineapple189.jpg,366,360,Pineapple,109,19,264,324,/Users/paulefeb/Projects/object_detection_modeling/dataset/images/pineapple189.jpg
pineapple_aug223.jpg,360,360,Pineapple,99,6,265,316,/Users/paulefeb/Projects/object_detection_modeling/dataset/images/pineapple_aug223.jpg
pineapple239.jpg,162,107,Pineapple,35,5,76,94,/Users/paulefeb/Projects/object_detection_modeling/dataset/images/pineapple239.jpg
pineapple_aug361.jpg,162,139,Pineapple,3,48,42,137,/Users/paulefeb/Projects/object_detection_modeling/dataset/images/pineapple_aug361.jpg
pineapple_aug50.jpg,240,240,Pineapple,38,108,97,143,/Users/paulefeb/Projects/object_detection_modeling/dataset/images/pineapple_aug50.jpg
pineapple246.jpg,140,140,Pineapple,1,66,15,117,/Users/paulefeb/Projects/object_detection_modeling/dataset/images/pineapple246.jpg
pineapple_aug329.jpg,162,119,Pineapple,30,30,58,92,/Users/paulefeb/Projects/object_detection_modeling/dataset/images/pineapple_aug329.jpg
pineapple381.jpg,162,121,Pineapple,150,28,161,56,/Users/paulefeb/Projects/object_detection_modeling/dataset/images/pineapple381.jpg
pineapple51.jpg,162,84,Pineapple,85,15,113,66,/Users/paulefeb/Projects/object_detection_modeling/dataset/images/pineapple51.jpg
pineapple385.jpg,162,121,Pineapple,55,68,82,120,/Users/paulefeb/Projects/object_detection_modeling/dataset/images/pineapple385.jpg
pineapple441.jpg,162,107,Pineapple,31,44,50,84,/Users/paulefeb/Projects/object_detection_modeling/dataset/images/pineapple441.jpg
pineapple250.jpg,162,91,Pineapple,106,30,126,75,/Users/paulefeb/Projects/object_detection_modeling/dataset/images/pineapple250.jpg
pineapple_aug72.jpg,162,109,Pineapple,52,15,103,89,/Users/paulefeb/Projects/object_detection_modeling/dataset/images/pineapple_aug72.jpg
